{
  "urls": [
    "./sprites/episode5/chapter2/sprite.mp3"
  ],
  "sprite": {
    "MU_Attack_Music": [
      0,
      27428.571428571428
    ],
    "CIN_Quarantine": [
      28250,
      2377.1428571428573
    ],
    "Story_6_Sektimus_1": [
      31500,
      8489.795918367348
    ],
    "Story_6_Ctanlee_1": [
      40750,
      5825.306122448978
    ],
    "Story_6_Sektimus_2": [
      47000,
      7157.551020408164
    ],
    "Story_6_Ctanlee_2": [
      55250,
      3369.7959183673447
    ],
    "Story_6_Warcore_1": [
      59500,
      9064.489795918362
    ],
    "Story_6_Ctanlee_3": [
      69750,
      3604.897959183674
    ],
    "MU_Attack_With_Defense_Music": [
      74000,
      27428.57142857143
    ],
    "SFX_AttackSlamdown_BotTron": [
      102250,
      9351.836734693876
    ],
    "SFX_BotTron_Attack": [
      112500,
      30432.6530612245
    ],
    "Story_6_Ctanlee_4": [
      143750,
      4257.959183673478
    ],
    "Story_6_Ctanlee_5": [
      149000,
      2298.775510204081
    ],
    "Story_6_Sektimus_3": [
      152250,
      4884.897959183661
    ],
    "Story_6_Ctanlee_6": [
      157500,
      5433.469387755111
    ],
    "Story_6_Ctanlee_7": [
      163750,
      1802.4489795918441
    ],
    "Story_6_Ctanlee_8": [
      166000,
      2403.265306122449
    ],
    "Story_6_Sektimus_4": [
      169250,
      8411.428571428558
    ],
    "Story_6_Ctanlee_10": [
      178500,
      7340.408163265294
    ],
    "Story_6_Sektimus_5": [
      186750,
      5746.938775510216
    ],
    "Story_6_Ctanlee_11": [
      193000,
      3422.0408163265292
    ]
  }
}
