{
  "urls": [
    "./sprites/episode1/chapter3/sprite.mp3"
  ],
  "sprite": {
    "MU_Attack_Music": [
      0,
      27428.571428571428
    ],
    "CIN_DoorOpen": [
      28250,
      1097.142857142856
    ],
    "CIN_HumanWalking": [
      30500,
      2063.6734693877515
    ],
    "SFX_Camera": [
      33750,
      1149.3877551020405
    ],
    "Story_2_Ctanlee_12": [
      36000,
      3604.897959183674
    ],
    "Story_2_Ctanlee_X38": [
      40250,
      2011.4285714285743
    ],
    "Story_2_Ctanlee_X39": [
      43500,
      3944.489795918365
    ],
    "Story_2_Ctanlee_15": [
      47750,
      3970.612244897957
    ],
    "SFX_Tackle": [
      52000,
      1933.0612244897977
    ],
    "Story_2_Ctanlee_19": [
      54250,
      2768.979591836732
    ],
    "Story_2_Ctanlee_20": [
      57500,
      2977.9591836734694
    ],
    "Story_2_Ctanlee_21": [
      60750,
      7235.918367346941
    ],
    "SFX_Level_CadetFirstClass": [
      69000,
      7941.224489795914
    ]
  }
}
