{
  "urls": [
    "./sprites/episode5/chapter3/sprite.mp3"
  ],
  "sprite": {
    "MU_Attack_Music": [
      0,
      27428.571428571428
    ],
    "CIN_FacilityRecovery": [
      28250,
      12669.387755102036
    ],
    "Story_6_Sektimus_6": [
      41500,
      4728.163265306122
    ],
    "Story_6_Ctanlee_12": [
      46750,
      3526.5306122448974
    ],
    "Story_6_Sektimus_7": [
      51000,
      5851.428571428571
    ],
    "Story_6_Ctanlee_16": [
      57250,
      18181.224489795924
    ],
    "Story_6_Ctanlee_13": [
      76500,
      6060.408163265308
    ],
    "Story_6_Ctanlee_14": [
      83750,
      2351.020408163265
    ],
    "Story_6_Ctanlee_15": [
      87000,
      4205.714285714279
    ],
    "SFX_Brit_Defense": [
      92250,
      19278.36734693878
    ],
    "SFX_Speeder_Defense": [
      112500,
      25155.91836734694
    ],
    "SFX_Kinetic_Defense": [
      138750,
      21420.408163265307
    ],
    "MU_BotTronDefenseMusic": [
      161000,
      33391.292517006805
    ],
    "Story_6_Sektimus_8": [
      195250,
      4284.081632653056
    ],
    "Story_6_Sektimus_9": [
      200500,
      4075.1020408163185
    ],
    "Story_6_Sektimus_10": [
      205750,
      13035.102040816326
    ],
    "Story_6_Sektimus_11": [
      220000,
      4597.551020408162
    ],
    "Story_6_Sektimus_12": [
      225250,
      9665.306122448981
    ],
    "Story_6_Ctanlee_17": [
      235500,
      8672.65306122448
    ],
    "Story_7_Ctanlee_1": [
      244750,
      3082.4489795918453
    ],
    "Story_7_Warcore_1": [
      249000,
      1985.306122448975
    ],
    "SFX_Level_Defender": [
      251250,
      7941.2244897959
    ],
    "Story_7_Ctanlee_2": [
      259500,
      2168.1632653061342
    ],
    "Story_7_Ctanlee_3": [
      262750,
      3265.306122448976
    ],
    "Story_7_Ctanlee_4": [
      267000,
      3552.6530612244756
    ],
    "Story_7_Ctanlee_5": [
      271250,
      7497.142857142876
    ],
    "Story_7_Ctanlee_6": [
      279500,
      7497.142857142876
    ],
    "Story_7_Ctanlee_7": [
      287750,
      3474.2857142857133
    ],
    "Story_7_Ctanlee_8": [
      292000,
      3474.2857142857133
    ],
    "Story_7_Ctanlee_9": [
      296250,
      6112.653061224478
    ],
    "Story_7_Ctanlee_10": [
      303500,
      6295.510204081609
    ]
  }
}
