{
  "urls": [
    "./sprites/episode3/chapter2/sprite.mp3"
  ],
  "sprite": {
    "CIN_Quarantine": [
      28250,
      2377.1428571428573
    ],
    "Story_4_Ctanlee_12": [
      31500,
      3631.0204081632664
    ],
    "Story_4_Ctanlee_13": [
      35750,
      2115.9183673469356
    ],
    "Story_4_Warcore_1": [
      39000,
      2246.5306122448965
    ],
    "Story_4_Sektimus_1a": [
      42250,
      9482.448979591836
    ],
    "Story_4_Sektimus_1b": [
      52500,
      10579.591836734693
    ],
    "Story_4_Sektimus_1c": [
      63750,
      20924.081632653055
    ],
    "Story_4_Ctanlee_14": [
      85000,
      2298.775510204081
    ],
    "Story_4_Sektimus_2a": [
      88250,
      3291.4285714285684
    ],
    "Story_4_Sektimus_2b": [
      92500,
      19461.22448979591
    ],
    "Story_4_Sektimus_2c": [
      112750,
      3761.632653061227
    ],
    "Story_4_Sektimus_3a": [
      117000,
      9168.97959183673
    ],
    "Story_4_Sektimus_3b": [
      127250,
      12591.020408163275
    ],
    "Story_4_Sektimus_3c": [
      140500,
      5093.877551020398
    ],
    "Story_4_Sektimus_4": [
      146750,
      4963.265306122452
    ],
    "Story_4_Ctanlee_15": [
      152000,
      10762.448979591823
    ],
    "~g/MU_Attack_Music.mp3": [
      0,
      27428.571428571428
    ]
  }
}
