{
  "urls": [
    "./sprites/episode0/chapter1/sprite.mp3"
  ],
  "sprite": {
    "~g/Intro_Credits.mp3": [
      0,
      13165.714285714286
    ],
    "~0/SFX_Defender_Door_Open.mp3": [
      14250,
      2612.244897959183
    ],
    "SFX_SoundTestButton.mp3": [
      17500,
      3970.6122448979604
    ],
    "~g/MU_Ambient_Facility_no_notes.mp3": [
      21750,
      145162.44897959183
    ],
    "Story_1_Warcore_1.mp3": [
      168000,
      4440.816326530608
    ],
    "Story_1_Warcore_2.mp3": [
      173250,
      5903.673469387741
    ],
    "Story_1_Warcore_3.mp3": [
      179500,
      7784.489795918375
    ],
    "Story_1_Warcore_4.mp3": [
      187750,
      4989.38775510203
    ],
    "Story_1_Ctanlee_1.mp3": [
      193000,
      3369.7959183673447
    ],
    "Story_1_Ctanlee_2.mp3": [
      197250,
      7862.857142857138
    ],
    "Story_1_Ctanlee_4.mp3": [
      205500,
      2533.877551020396
    ],
    "Story_1_Ctanlee_7.mp3": [
      208750,
      11885.7142857143
    ],
    "Story_1_Ctanlee_8.mp3": [
      221000,
      4623.673469387768
    ],
    "Story_1_Ctanlee_9.mp3": [
      226250,
      4257.959183673478
    ],
    "Story_1_Ctanlee_10.mp3": [
      231500,
      4466.938775510215
    ],
    "Story_1_Ctanlee_11.mp3": [
      236750,
      13609.795918367354
    ],
    "Story_1_Ctanlee_12.mp3": [
      251000,
      10031.020408163273
    ],
    "Story_1_Ctanlee_12b1.mp3": [
      262250,
      7497.142857142876
    ],
    "Story_1_Ctanlee_12b2.mp3": [
      270500,
      7444.897959183663
    ],
    "Story_1_Ctanlee_12c.mp3": [
      278750,
      2821.2244897958954
    ],
    "Story_1_Ctanlee_12d.mp3": [
      282000,
      15203.265306122432
    ],
    "~0/SFX_Sektimus_Fleet_Impacts.mp3": [
      298250,
      11206.530612244876
    ],
    "~0/CIN_Intro_Sektimus.mp3": [
      310500,
      89338.77551020407
    ],
    "Story_1_Ctanlee_12e.mp3": [
      400750,
      9377.959183673454
    ],
    "Story_1_Ctanlee_16.mp3": [
      411000,
      20715.102040816306
    ],
    "~0/SFX_Crater.mp3": [
      432250,
      47438.36734693877
    ],
    "Story_1_Ctanlee_17.mp3": [
      480500,
      9978.77551020406
    ],
    "Story_1_Ctanlee_18a.mp3": [
      490750,
      11128.163265306113
    ],
    "Story_1_Ctanlee_18b.mp3": [
      503000,
      6138.775510204085
    ],
    "Story_1_Ctanlee_19.mp3": [
      510250,
      10945.306122448983
    ],
    "Story_1_Ctanlee_19b1.mp3": [
      521500,
      10031.020408163273
    ],
    "Story_1_Ctanlee_19b2.mp3": [
      532750,
      4179.591836734744
    ],
    "Story_1_Ctanlee_21.mp3": [
      538000,
      4649.795918367317
    ],
    "Story_1_Dialogue_Panicking.mp3": [
      543250,
      3683.2653061223937
    ],
    "Story_1_Dialogue_Puke.mp3": [
      547500,
      5642.448979591791
    ],
    "Story_1_Dialogue_Spirit.mp3": [
      553750,
      1384.4897959183982
    ],
    "Story_1_Ctanlee_20.mp3": [
      556000,
      8306.938775510162
    ],
    "Story_1_Ctanlee_22.mp3": [
      565250,
      6713.46938775514
    ],
    "Story_1_Ctanlee_24.mp3": [
      572500,
      9430.20408163261
    ],
    "Story_1_Ctanlee_25.mp3": [
      582750,
      8385.306122448925
    ],
    "~g/SFX_Level_Cadet.mp3": [
      592000,
      7941.2244897959
    ]
  }
}
