{
  "urls": [
    "./sprites/episode2/chapter2/sprite.mp3"
  ],
  "sprite": {
    "CIN_Quarantine": [
      28250,
      2377.1428571428573
    ],
    "Story_3_Ctanlee_16": [
      31500,
      4440.816326530608
    ],
    "Story_3_Ctanlee_17": [
      36750,
      9247.346938775507
    ],
    "Story_3_Ctanlee_18": [
      47000,
      5590.204081632656
    ],
    "Story_3_Ctanlee_19": [
      53250,
      13844.897959183669
    ],
    "Story_3_Warcore_1": [
      67500,
      1097.142857142856
    ],
    "Story_3_Ctanlee_20": [
      69750,
      4937.14285714286
    ],
    "Story_3_Warcore_2": [
      75000,
      3213.061224489792
    ],
    "Story_3_Sektimus_1": [
      79250,
      10475.102040816324
    ],
    "Story_3_Ctanlee_21": [
      90500,
      12094.693877551023
    ],
    "Story_3_Warcore_3": [
      103750,
      2011.428571428567
    ],
    "Story_3_Sektimus_2": [
      107000,
      16300.408163265303
    ],
    "Story_3_Sektimus_3": [
      124250,
      10945.306122448983
    ],
    "Story_3_Sektimus_4": [
      135500,
      14367.346938775512
    ],
    "Story_3_Warcore_4": [
      150750,
      3213.061224489792
    ],
    "Story_3_Ctanlee_22a": [
      155000,
      10187.755102040825
    ],
    "Story_3_Ctanlee_22b": [
      166250,
      9090.612244897955
    ],
    "Story_3_Ctanlee_22c": [
      176500,
      5537.959183673479
    ],
    "Story_3_Sektimus_5": [
      182750,
      12982.857142857141
    ],
    "Story_3_Sektimus_6a": [
      196000,
      13635.918367346932
    ],
    "Story_3_Sektimus_6b": [
      210250,
      11493.877551020403
    ],
    "Story_3_Warcore_5": [
      222500,
      2795.1020408163176
    ],
    "Story_3_Ctanlee_23a": [
      225750,
      7706.122448979585
    ],
    "Story_3_Ctanlee_23b": [
      234000,
      12956.734693877564
    ],
    "Story_3_Ctanlee_23c": [
      247250,
      4754.285714285715
    ],
    "Story_3_Ctanlee_23d": [
      252500,
      4231.836734693899
    ],
    "SFX_AttackSlamdown_KettleHeadEAttackMode": [
      257750,
      5929.7959183673465
    ],
    "CIN_RobotHacking": [
      264000,
      2377.1428571428714
    ],
    "SFX_AssetExplosion": [
      270500,
      4911.020408163267
    ],
    "Story_3_Ctanlee_24": [
      275750,
      2795.102040816346
    ],
    "Story_3_Ctanlee_25": [
      279000,
      3657.142857142844
    ],
    "Story_3_Ctanlee_26": [
      283250,
      3082.4489795918453
    ],
    "Story_3_Ctanlee_27": [
      287500,
      2115.9183673469215
    ],
    "Story_3_Ctanlee_28": [
      290750,
      2194.2857142857406
    ],
    "Story_3_Ctanlee_29": [
      294000,
      3918.367346938794
    ],
    "SFX_ElectronicAccess_Burninator": [
      298250,
      2377.1428571428714
    ],
    "SFX_ElectronicAccess_GreatFireWall": [
      301500,
      2586.1224489796086
    ],
    "SFX_ElectronicAccess_GatedCommunity": [
      304750,
      3317.551020408189
    ],
    "Story_3_Ctanlee_30": [
      309000,
      6164.897959183691
    ],
    "Story_3_Ctanlee_31": [
      316250,
      9351.836734693905
    ],
    "Story_3_Ctanlee_32": [
      326500,
      3343.6734693877384
    ],
    "Story_3_Firewall_1": [
      330750,
      1175.510204081661
    ],
    "Story_3_Packet_1": [
      333000,
      4597.551020408162
    ],
    "Story_3_Ctanlee_33": [
      338250,
      6060.4081632653215
    ],
    "Story_3_Firewall_2": [
      345500,
      2272.653061224503
    ],
    "Story_3_Firewall_3": [
      348750,
      2194.2857142857406
    ],
    "Story_3_Ctanlee_34": [
      352000,
      1933.0612244897907
    ],
    "Story_3_Ctanlee_35": [
      354250,
      2847.3469387755017
    ],
    "Story_3_Packet_2": [
      357500,
      8019.5918367347185
    ],
    "Story_3_Firewall_6": [
      366750,
      3996.7346938775563
    ],
    "Story_3_Packet_3": [
      371000,
      3709.387755102057
    ],
    "Story_3_Ctanlee_36": [
      375250,
      1906.9387755101843
    ],
    "SFX_AttackSlamdown_VirusBot": [
      377500,
      2586.1224489796086
    ],
    "Story_3_Ctanlee_37": [
      380750,
      5198.367346938767
    ],
    "Story_3_Packet_4": [
      387000,
      5485.714285714266
    ],
    "Story_3_Ctanlee_38": [
      393250,
      1410.6122448979477
    ],
    "Story_3_Firewall_4": [
      395500,
      2377.1428571428714
    ],
    "Story_3_Packet_5": [
      398750,
      4022.8571428571627
    ],
    "Story_3_Ctanlee_39": [
      404000,
      2716.7346938775268
    ],
    "Story_3_Ctanlee_40": [
      407250,
      2821.2244897958954
    ],
    "SFX_Level_TechnicalCadet": [
      410500,
      7941.2244897959
    ],
    "~g/MU_Attack_Music.mp3": [
      0,
      27428.571428571428
    ],
    "~2/CIN_PhysicalAttack_Screams.mp3": [
      267250,
      2063.6734693877656
    ]
  }
}
