{
  "urls": [
    "./sprites/episode4/chapter2/sprite.mp3"
  ],
  "sprite": {
    "CIN_AccessGranted": [
      30500,
      1097.142857142856
    ],
    "Story_5_Ctanlee_19": [
      32750,
      5799.183673469386
    ],
    "Story_5_Ctanlee_20": [
      39000,
      2690.612244897956
    ],
    "Story_5_Ctanlee_21": [
      42250,
      1933.0612244897977
    ],
    "Story_5_Ctanlee_22": [
      44500,
      6191.020408163268
    ],
    "Story_5_Ctanlee_23": [
      51750,
      3631.0204081632664
    ],
    "CIN_Quarantine": [
      56000,
      2377.1428571428573
    ],
    "Story_5_Warcore_1": [
      59250,
      2690.612244897956
    ],
    "Story_5_Sektimus_1": [
      62500,
      7784.489795918361
    ],
    "Story_5_Ctanlee_24": [
      70750,
      5433.469387755096
    ],
    "Story_5_Sektimus_2a": [
      77000,
      5511.836734693872
    ],
    "Story_5_Sektimus_2b": [
      83250,
      6739.591836734689
    ],
    "Story_5_Sektimus_2c": [
      90500,
      11755.102040816326
    ],
    "Story_5_Ctanlee_25": [
      102750,
      9952.653061224495
    ],
    "Story_5_Sektimus_3": [
      113000,
      4728.163265306122
    ],
    "Story_5_Ctanlee_26a": [
      118250,
      6191.020408163268
    ],
    "Story_5_Ctanlee_26b": [
      125500,
      8228.571428571428
    ],
    "Story_5_Ctanlee_26c": [
      134750,
      2455.5102040816337
    ],
    "Story_5_Sektimus_4": [
      138000,
      4388.571428571424
    ],
    "Story_5_Ctanlee_27": [
      143250,
      3840.0000000000036
    ],
    "~4/CIN_Typing.mp3": [
      0,
      1593.4693877551022
    ],
    "~g/MU_Attack_Music.mp3": [
      2250,
      27428.571428571428
    ]
  }
}
